,Player,Nation,Pos,Squad,Comp,Age,Born,90s,Gls,Sh,SoT,SoT%,Sh/90,SoT/90,G/Sh,G/SoT,Dist,xG,npxG,npxG/Sh,G-xG,np:G-xG,Cmp,Att,Cmp%,TotDist,PrgDist,Cmp.1,Att.1,Cmp%.1,Cmp.2,Att.2,Cmp%.2,Cmp.3,Att.3,Cmp%.3,Ast,xA,A-xA,KP,1/3,PPA,CrsPA,Prog,Live,TB,Press,Sw,Crs,Ground,Low,High,Left,Right,Head,TI,Other,Off,Out.1,Int,Blocks,SCA90,PL,Drib,sSh,Fld,Def,GCA90,PL.1,PD.1,Drib.1,gSh,Fld.1,Def.1,Cluster
141,Iago Aspas\Iago-Aspas,es ESP,FW,Celta Vigo,es La Liga,32.0,1987.0,0.5891891891891892,0.29333333333333333,0.1823008849557522,0.24901185770750986,0.6024930747922438,0.18197879858657243,0.24901185770750986,0.6363636363636364,0.41,0.24354243542435422,0.3103448275862069,0.26666666666666666,0.6538461538461539,0.857142857142857,0.7857142857142857,0.3437001594896332,0.3535911602209944,0.23299888517279818,0.28240663900414936,0.2973724884080371,0.34940828402366864,0.36994680851063827,0.18961864406779652,0.3358744394618834,0.3334630350194553,0.28617363344051444,0.21065573770491808,0.20479041916167665,0.48261758691206547,0.5394736842105263,0.5098039215686274,0.9714285714285714,0.5178082191780822,0.21919584954604412,0.35729847494553374,0.1391304347826087,0.3457051961823966,0.3773861967694567,0.288659793814433,0.41751824817518257,0.16308243727598568,0.24356435643564356,0.42212389380530974,0.31034482758620685,0.13516483516483516,0.42845911949685533,0.11815384615384616,0.345372460496614,0.04069767441860465,0.0842911877394636,0.3932584269662921,0.2748538011695907,0.5050167224080268,0.38544474393531,0.33615477629987905,0.46078431372549017,0.3220338983050848,0.2261904761904762,0.10112359550561797,0.0,0.6949152542372882,0.5882352941176471,0.07142857142857142,0.48148148148148145,0.1,0.125,0.0,2
205,Harvey Barnes\Harvey-Barnes,eng ENG,FW,Leicester City,eng Premier League,22.0,1997.0,0.31351351351351353,0.27999999999999997,0.39469026548672564,0.43478260869565216,0.523545706371191,0.392226148409894,0.43478260869565216,0.48484848484848486,0.36,0.2878228782287822,0.2241379310344828,0.2888888888888889,0.3076923076923077,1.0,1.0,0.20653907496012758,0.20994475138121543,0.20847268673355623,0.16049792531120335,0.2166924265842349,0.2281065088757397,0.2396276595744681,0.17372881355932193,0.23049327354260088,0.22334630350194554,0.27759914255091106,0.09918032786885246,0.1125748502994012,0.38548057259713703,0.25,0.13725490196078433,0.8857142857142858,0.31780821917808216,0.19974059662775617,0.19172113289760348,0.0782608695652174,0.26299045599151644,0.24229074889867844,0.1443298969072165,0.2861313868613139,0.05734767025089606,0.16435643564356436,0.2504424778761062,0.2120689655172414,0.15714285714285717,0.030660377358490566,0.348,0.3160270880361174,0.010465116279069767,0.08812260536398468,0.05617977528089888,0.2631578947368421,0.2006688963210702,0.2857142857142857,0.28053204353083433,0.30000000000000004,0.3135593220338983,0.380952380952381,0.4157303370786517,0.14705882352941177,0.3135593220338983,0.22549019607843138,0.0,0.3333333333333333,0.0,0.20833333333333334,0.0,2
232,Ihlas Bebou\Ihlas-Bebou,tg TOG,FW,Hoffenheim,de Bundesliga,26.0,1994.0,0.38918918918918916,0.24666666666666667,0.2778761061946902,0.2845849802371542,0.46537396121883645,0.27561837455830385,0.2845849802371542,0.6060606060606061,0.47,0.11808118081180816,0.29310344827586204,0.3777777777777777,0.6538461538461539,0.7678571428571428,0.7678571428571428,0.17464114832535882,0.16712707182320438,0.21962095875139348,0.11419087136929462,0.1508500772797527,0.21035502958579883,0.21303191489361706,0.19279661016949154,0.1618834080717489,0.15836575875486383,0.24758842443729906,0.06147540983606558,0.08143712574850301,0.3149284253578732,0.381578947368421,0.39215686274509803,0.7714285714285716,0.41643835616438357,0.11673151750972763,0.28540305010893247,0.49565217391304345,0.16755037115588547,0.18355359765051396,0.041237113402061855,0.3262773722627737,0.1093189964157706,0.34851485148514855,0.19380530973451326,0.2767241379310345,0.12802197802197804,0.025471698113207545,0.29723076923076924,0.24153498871331833,0.04302325581395349,0.07662835249042146,0.0898876404494382,0.08187134502923978,0.2842809364548495,0.16442048517520214,0.2503022974607013,0.3509803921568627,0.2796610169491526,0.14285714285714285,0.1348314606741573,0.11764705882352941,0.4830508474576271,0.3235294117647059,0.0,0.4444444444444444,0.26666666666666666,0.16666666666666669,0.0,2
249,Andrea Belotti\Andrea-Belotti,it ITA,FW,Torino,it Serie A,26.0,1993.0,0.5972972972972973,0.26666666666666666,0.5061946902654868,0.3952569169960475,0.3545706371191135,0.5053003533568905,0.3952569169960475,0.2727272727272727,0.26,0.2878228782287822,0.3448275862068966,0.3111111111111111,0.2692307692307693,0.732142857142857,0.7142857142857143,0.10925039872408292,0.12292817679558009,0.14381270903010032,0.09402489626556018,0.10973724884080371,0.11479289940828406,0.11728723404255317,0.16313559322033888,0.13228699551569506,0.15136186770428017,0.17148981779206868,0.09918032786885246,0.11676646706586828,0.3660531697341513,0.25,0.4117647058823529,0.4571428571428572,0.2904109589041096,0.11543450064850844,0.27233115468409586,0.16521739130434784,0.14740190880169673,0.12922173274596185,0.3195876288659794,0.2941605839416059,0.15053763440860216,0.13663366336633662,0.131858407079646,0.2793103448275862,0.13516483516483516,0.057547169811320756,0.21107692307692308,0.25733634311512416,0.010465116279069767,0.1417624521072797,0.1348314606741573,0.16374269005847955,0.22073578595317725,0.2964959568733153,0.3180169286577993,0.21764705882352944,0.33898305084745767,0.4047619047619048,0.9775280898876404,0.5588235294117647,0.4491525423728814,0.18627450980392157,0.0,0.1111111111111111,0.3,0.7916666666666667,0.2,2
254,Wissam Ben Yedder\Wissam-Ben-Yedder,fr FRA,FW,Monaco,fr Ligue 1,29.0,1990.0,0.5135135135135135,0.45999999999999996,0.3575221238938053,0.2766798418972332,0.3421052631578947,0.35865724381625447,0.2766798418972332,0.45454545454545453,0.45,0.2878228782287822,0.5431034482758621,0.3555555555555555,0.4615384615384615,0.8214285714285713,0.7678571428571428,0.21451355661881977,0.2251381215469613,0.19620958751393536,0.16564315352697098,0.14188562596599694,0.21627218934911246,0.2396276595744681,0.1483050847457627,0.2538116591928251,0.2463035019455253,0.2840300107181137,0.09836065573770492,0.12634730538922156,0.3241308793456033,0.3157894736842105,0.43137254901960786,0.6,0.3506849315068493,0.1932555123216602,0.2701525054466231,0.060869565217391314,0.24072110286320256,0.2261380323054332,0.3505154639175258,0.3532846715328467,0.07347670250896057,0.1504950495049505,0.2504424778761062,0.2655172413793104,0.1879120879120879,0.21147798742138363,0.1803076923076923,0.309255079006772,0.01976744186046512,0.1839080459770115,0.15730337078651688,0.16374269005847955,0.294314381270903,0.2452830188679245,0.2466747279322854,0.30588235294117644,0.23728813559322037,0.33333333333333337,0.23595505617977527,0.08823529411764705,0.44067796610169496,0.37254901960784315,0.0,0.0,0.33333333333333337,0.125,0.0,2
275,Karim Benzema\Karim-Benzema,fr FRA,FW,Real Madrid,es La Liga,32.0,1987.0,0.6000000000000001,0.47333333333333333,0.6141592920353982,0.5889328063241107,0.4612188365650969,0.6130742049469965,0.5889328063241107,0.5454545454545454,0.44,0.22140221402214022,0.4482758620689656,0.5555555555555556,0.42307692307692313,1.0535714285714284,1.0535714285714284,0.3771929824561403,0.34530386740331487,0.30657748049052386,0.2749377593360996,0.2071097372488408,0.45000000000000007,0.42579787234042554,0.26800847457627114,0.31793721973094174,0.28677042801556424,0.3397642015005359,0.15737704918032788,0.15928143712574852,0.4529652351738241,0.368421052631579,0.39215686274509803,0.7714285714285716,0.3150684931506849,0.20363164721141375,0.25054466230936817,0.026086956521739132,0.2290562036055143,0.3627019089574156,0.2577319587628866,0.3102189781021898,0.1111111111111111,0.1603960396039604,0.4345132743362832,0.27327586206896554,0.08681318681318681,0.09779874213836477,0.44799999999999995,0.1309255079006772,0.0034883720930232558,0.19157088122605365,0.1797752808988764,0.38011695906432746,0.354515050167224,0.25336927223719674,0.27569528415961303,0.3686274509803922,0.2627118644067797,0.36904761904761907,0.06741573033707865,0.08823529411764705,0.47457627118644075,0.46078431372549017,0.0,0.2222222222222222,0.1,0.0,0.0,2
559,Ángel Correa\Angel-Correa,ar ARG,FW,Atlético Madrid,es La Liga,25.0,1995.0,0.4486486486486487,0.22666666666666668,0.29557522123893804,0.316205533596838,0.4944598337950138,0.2950530035335689,0.32015810276679846,0.5151515151515151,0.39,0.2915129151291513,0.2241379310344828,0.2777777777777778,0.42307692307692313,0.857142857142857,0.8749999999999999,0.28309409888357256,0.281767955801105,0.23968784838350046,0.1979253112033195,0.21112828438948994,0.33461538461538465,0.3327127659574468,0.22139830508474567,0.24484304932735426,0.23657587548638134,0.2829581993569132,0.10655737704918034,0.1694610778443114,0.22392638036809814,0.39473684210526316,0.4117647058823529,0.8000000000000002,0.3506849315068493,0.20233463035019456,0.28758169934640526,0.09565217391304348,0.23329798515376457,0.30396475770925113,0.1134020618556701,0.2605839416058395,0.0949820788530466,0.297029702970297,0.32831858407079645,0.27413793103448275,0.16648351648351645,0.10125786163522013,0.37415384615384617,0.22799097065462756,0.0,0.11494252873563218,0.3820224719101124,0.18713450292397663,0.3210702341137124,0.22641509433962262,0.26360338573155984,0.3137254901960784,0.38135593220338987,0.2261904761904762,0.12359550561797752,0.23529411764705882,0.5084745762711864,0.40196078431372545,0.0,0.5555555555555555,0.0,0.16666666666666669,0.0,2
560,Joaquín Correa\Joaquin-Correa,ar ARG,FW,Lazio,it Serie A,25.0,1994.0,0.3108108108108108,0.24666666666666667,0.38761061946902653,0.37944664031620556,0.4570637119113573,0.3869257950530035,0.37944664031620556,0.3939393939393939,0.32,0.15867158671586717,0.3103448275862069,0.36666666666666664,0.42307692307692313,0.7499999999999999,0.6964285714285714,0.3022328548644338,0.27486187845303867,0.29096989966555187,0.2553526970954357,0.20525502318392577,0.2931952662721894,0.2715425531914894,0.2584745762711863,0.3174887892376682,0.2906614785992218,0.3311897106109325,0.20983606557377052,0.20538922155688624,0.47852760736196315,0.1842105263157895,0.1764705882352941,0.6857142857142857,0.35616438356164387,0.21271076523994814,0.20261437908496735,0.0,0.2205726405090138,0.28487518355359764,0.0,0.36642335766423356,0.15770609318996415,0.08316831683168317,0.34424778761061947,0.2612068965517242,0.0967032967032967,0.03522012578616352,0.4310769230769231,0.09706546275395034,0.03837209302325582,0.22988505747126436,0.4157303370786517,0.0760233918128655,0.26421404682274247,0.14824797843665768,0.3833131801692866,0.39215686274509803,0.4322033898305085,0.33333333333333337,0.5730337078651685,0.14705882352941177,0.6271186440677966,0.27450980392156865,0.11904761904761905,0.8518518518518519,0.16666666666666669,0.375,0.33333333333333337,2
657,Andy Delort\Andy-Delort,dz ALG,FW,Montpellier,fr Ligue 1,28.0,1991.0,0.4756756756756757,0.36000000000000004,0.527433628318584,0.4624505928853755,0.41135734072022156,0.5265017667844523,0.4624505928853755,0.48484848484848486,0.44,0.25461254612546125,0.3103448275862069,0.3777777777777777,0.3076923076923077,1.0357142857142856,1.0892857142857142,0.182615629984051,0.25690607734806625,0.06800445930880715,0.16970954356846474,0.2522411128284389,0.1718934911242604,0.20771276595744678,0.10911016949152538,0.1905829596412556,0.27509727626459146,0.07609860664523045,0.19016393442622953,0.28802395209580844,0.23517382413087934,0.4342105263157895,0.4117647058823529,0.8571428571428572,0.5561643835616438,0.17120622568093385,0.33986928104575165,0.8173913043478261,0.22799575821845175,0.2555066079295154,0.1443298969072165,0.4671532846715329,0.1881720430107527,0.6594059405940594,0.1,0.6181034482758622,0.5532967032967033,0.005031446540880502,0.3141538461538461,0.7516930022573364,0.029069767441860465,1.0,0.0449438202247191,0.38596491228070173,0.29765886287625415,0.4097035040431267,0.347037484885127,0.4117647058823529,0.2796610169491526,0.3928571428571429,0.32584269662921345,0.0,0.45762711864406785,0.4215686274509804,0.0,0.14814814814814814,0.13333333333333333,0.16666666666666669,0.0,2
710,Brahim Díaz\Brahim-Diaz,es ESP,FW,Milan,it Serie A,20.0,1999.0,0.09729729729729729,0.19333333333333333,0.2814159292035398,0.2371541501976285,0.37257617728531855,0.2809187279151943,0.2371541501976285,0.45454545454545453,0.44,0.2656826568265683,0.1810344827586207,0.2333333333333333,0.38461538461538464,0.857142857142857,0.857142857142857,0.3548644338118022,0.3024861878453039,0.3422519509476031,0.26157676348547715,0.24142194744976814,0.4026627218934911,0.3646276595744681,0.2913135593220339,0.32645739910313903,0.2828793774319066,0.3740621650589496,0.13688524590163934,0.1473053892215569,0.41411042944785276,0.2894736842105263,0.23529411764705882,0.8285714285714287,0.3835616438356164,0.26459143968871596,0.16122004357298475,0.19130434782608696,0.17709437963944857,0.31571218795888395,0.15463917525773196,0.24890510948905112,0.13261648745519714,0.11683168316831682,0.404424778761062,0.12500000000000003,0.10494505494505495,0.21147798742138363,0.2941538461538461,0.10609480812641085,0.02558139534883721,0.0842911877394636,0.07865168539325844,0.09356725146198831,0.19063545150501673,0.1105121293800539,0.31559854897218864,0.27450980392156865,0.3135593220338983,0.2619047619047619,0.7415730337078652,0.0,0.6864406779661018,0.43137254901960786,0.16666666666666669,0.8148148148148148,0.0,0.2916666666666667,0.0,2
812,Breel Embolo\Breel-Embolo,ch SUI,FW,M'Gladbach,de Bundesliga,23.0,1997.0,0.16216216216216217,0.20666666666666667,0.39646017699115044,0.44664031620553357,0.5346260387811633,0.39575971731448767,0.44664031620553357,0.3636363636363636,0.26,0.14391143911439114,0.353448275862069,0.4555555555555556,0.5769230769230769,0.5357142857142857,0.5357142857142857,0.19377990430622005,0.20580110497237566,0.18840579710144925,0.11717842323651452,0.0831530139103555,0.2665680473372781,0.2715425531914894,0.19597457627118642,0.14573991031390135,0.16342412451361865,0.18327974276527334,0.060655737704918035,0.07245508982035928,0.36809815950920244,0.17105263157894737,0.11764705882352941,0.7142857142857143,0.2410958904109589,0.06744487678339817,0.19172113289760348,0.052173913043478265,0.11134676564156944,0.21732745961820854,0.0,0.4182481751824818,0.044802867383512544,0.12475247524752475,0.2451327433628319,0.3215517241379311,0.0912087912087912,0.03852201257861636,0.29723076923076924,0.4559819413092551,0.0,0.574712643678161,0.34831460674157305,0.33333333333333337,0.2842809364548495,0.33153638814016173,0.2551390568319226,0.2803921568627451,0.1610169491525424,0.6666666666666667,0.2808988764044944,0.0,0.5254237288135594,0.24509803921568626,0.0,0.0,0.6333333333333334,0.7916666666666667,0.0,2
867,João Félix\Joao-Felix,pt POR,FW,Atlético Madrid,es La Liga,20.0,1999.0,0.20270270270270271,0.26666666666666666,0.3079646017699115,0.29249011857707513,0.43213296398891965,0.3074204946996466,0.29249011857707513,0.5151515151515151,0.43,0.3579335793357934,0.2241379310344828,0.19999999999999998,0.2692307692307693,0.9642857142857143,1.0178571428571428,0.3755980861244019,0.34530386740331487,0.30434782608695654,0.28224066390041497,0.41236476043276665,0.45000000000000007,0.4231382978723404,0.2701271186440678,0.2941704035874439,0.27898832684824904,0.30868167202572355,0.1655737704918033,0.1694610778443114,0.4468302658486708,0.381578947368421,0.43137254901960786,0.7428571428571429,0.31232876712328766,0.4669260700389105,0.26143790849673204,0.0,0.4135737009544008,0.3744493392070484,0.4742268041237114,0.4890510948905109,0.12365591397849461,0.14653465346534653,0.42389380530973453,0.22241379310344828,0.15054945054945057,0.0300314465408805,0.5110769230769231,0.11963882618510156,0.033720930232558136,0.06513409961685825,0.25842696629213485,0.06432748538011697,0.23745819397993312,0.21832884097035035,0.21765417170495766,0.27058823529411763,0.24576271186440676,0.27380952380952384,0.25842696629213485,0.0,0.4830508474576271,0.39215686274509803,0.0,0.2222222222222222,0.2,0.25,0.0,2
891,Roberto Firmino\Roberto-Firmino,br BRA,FW,Liverpool,eng Premier League,28.0,1991.0,0.581081081081081,0.19333333333333333,0.4088495575221239,0.37944664031620556,0.4279778393351801,0.4081272084805654,0.37549407114624506,0.3333333333333333,0.28,0.1771217712177122,0.31896551724137934,0.4111111111111111,0.5,0.5714285714285714,0.5714285714285714,0.3883572567783094,0.38259668508287287,0.2630992196209588,0.2961825726141079,0.33539412673879443,0.42041420118343203,0.4178191489361702,0.23093220338983048,0.3977578475336323,0.3996108949416342,0.2904608788853162,0.1401639344262295,0.144311377245509,0.4427402862985685,0.2894736842105263,0.39215686274509803,0.6,0.4,0.3281452658884566,0.2984749455337691,0.0,0.4093319194061506,0.4096916299559472,0.2577319587628866,0.49489051094890507,0.05197132616487455,0.201980198019802,0.4539823008849557,0.36465517241379314,0.11758241758241757,0.07216981132075471,0.5003076923076922,0.2708803611738149,0.05581395348837209,0.14559386973180077,0.06741573033707865,0.058479532163742694,0.6387959866220735,0.33153638814016173,0.3095525997581621,0.3980392156862746,0.3220338983050848,0.34523809523809523,0.1797752808988764,0.08823529411764705,0.24576271186440676,0.24509803921568626,0.0,0.0,0.1,0.0,0.0,2
913,Emil Forsberg\Emil-Forsberg,se SWE,FW,RB Leipzig,de Bundesliga,28.0,1991.0,0.19189189189189193,0.2733333333333333,0.2743362831858407,0.3003952569169961,0.4999999999999999,0.27385159010600707,0.3003952569169961,0.48484848484848486,0.36,0.30627306273062727,0.2672413793103449,0.19999999999999998,0.3076923076923077,0.8928571428571428,0.9107142857142857,0.29585326953748003,0.29696132596685076,0.23745819397993315,0.23485477178423236,0.26120556414219476,0.32573964497041424,0.3194148936170213,0.22881355932203382,0.2717488789237668,0.24863813229571988,0.3204715969989282,0.17540983606557378,0.24790419161676652,0.2678936605316974,0.3026315789473684,0.6078431372549019,0.31428571428571433,0.5287671232876713,0.25810635538262,0.31808278867102396,0.052173913043478265,0.26829268292682923,0.28487518355359764,0.422680412371134,0.3635036496350365,0.19892473118279572,0.1504950495049505,0.3336283185840708,0.22586206896551725,0.23571428571428574,0.037264150943396225,0.4341538461538461,0.22799097065462756,0.020930232558139535,0.4252873563218391,0.1348314606741573,0.4093567251461988,0.3411371237458194,0.2884097035040431,0.43047158403869407,0.4725490196078432,0.2966101694915254,0.27380952380952384,0.32584269662921345,0.3529411764705882,0.4491525423728814,0.28431372549019607,0.14285714285714285,0.2222222222222222,0.0,0.25,0.4,2
1025,Nicolás González\Nicolas-Gonzalez,ar ARG,FW,Stuttgart,de Bundesliga,22.0,1998.0,0.01081081081081082,0.38666666666666666,0.7256637168141592,0.3952569169960475,0.22437673130193905,0.7261484098939928,0.3952569169960475,0.21212121212121213,0.27,0.3173431734317343,0.646551724137931,0.5222222222222221,0.3076923076923077,0.41071428571428564,0.39285714285714285,0.0869218500797448,0.12983425414364638,0.05908584169453732,0.09095435684647304,0.1836166924265842,0.04349112426035503,0.06808510638297871,0.05084745762711861,0.18475336322869956,0.2256809338521401,0.15326902465166137,0.1,0.1437125748502994,0.26891615541922287,0.25,0.37254901960784315,0.5428571428571429,0.2904109589041096,0.22697795071335927,0.2309368191721133,0.08695652173913045,0.23435843054082714,0.1248164464023495,0.29896907216494845,0.18102189781021896,0.06810035842293907,0.26732673267326734,0.12123893805309734,0.2422413793103448,0.2236263736263736,0.23977987421383648,0.015846153846153847,0.38148984198645597,0.07790697674418605,0.2222222222222222,0.11235955056179776,0.5263157894736842,0.32441471571906355,0.32614555256064687,0.24909310761789602,0.27647058823529413,0.24576271186440676,0.34523809523809523,0.42696629213483145,0.0,0.5677966101694916,0.28431372549019607,0.0,0.7037037037037037,0.33333333333333337,0.4166666666666667,0.0,2
1032,Amine Gouiri\Amine-Gouiri,fr FRA,FW,Nice,fr Ligue 1,20.0,2000.0,0.5540540540540541,0.26,0.3787610619469027,0.3517786561264822,0.4293628808864266,0.37809187279151946,0.3517786561264822,0.3333333333333333,0.28,0.25461254612546125,0.37068965517241387,0.36666666666666664,0.4615384615384615,0.6428571428571428,0.5892857142857142,0.32137161084529503,0.3342541436464088,0.22185061315496096,0.27443983402489625,0.23554868624420403,0.3109467455621302,0.3194148936170213,0.20021186440677957,0.37533632286995516,0.3529182879377432,0.3311897106109325,0.17540983606557378,0.26766467065868266,0.2321063394683027,0.3026315789473684,0.33333333333333337,0.7142857142857143,0.4410958904109589,0.12191958495460442,0.2788671023965142,0.2,0.23329798515376457,0.3127753303964758,0.16494845360824742,0.3729927007299271,0.26523297491039427,0.3564356435643565,0.3831858407079646,0.21982758620689655,0.239010989010989,0.02122641509433962,0.5064615384615385,0.15349887133182843,0.06511627906976745,0.026819923371647514,0.11235955056179776,0.29239766081871343,0.41806020066889626,0.36118598382749323,0.3784764207980653,0.3823529411764706,0.2542372881355932,0.30952380952380953,0.33707865168539325,0.676470588235294,0.3898305084745763,0.12745098039215685,0.2380952380952381,0.1111111111111111,0.23333333333333336,0.2916666666666667,0.46666666666666673,2
1043,Mason Greenwood\Mason-Greenwood,eng ENG,FW,Manchester Utd,eng Premier League,18.0,2001.0,0.27567567567567564,0.2333333333333333,0.5309734513274336,0.4268774703557312,0.3684210526315789,0.5282685512367491,0.4268774703557312,0.30303030303030304,0.3,0.26937269372693723,0.29310344827586204,0.3777777777777777,0.3076923076923077,0.732142857142857,0.732142857142857,0.3405103668261563,0.30939226519337015,0.30100334448160526,0.2928630705394191,0.19783616692426584,0.35828402366863904,0.3353723404255319,0.2627118644067796,0.3573991031390134,0.32178988326848246,0.35905680600214374,0.18032786885245905,0.20538922155688624,0.3844580777096114,0.13157894736842105,0.1764705882352941,0.5714285714285715,0.20273972602739726,0.14526588845654995,0.1830065359477124,0.13043478260869565,0.1792152704135737,0.3465491923641703,0.10309278350515465,0.3394160583941606,0.2670250896057348,0.29504950495049503,0.404424778761062,0.10000000000000002,0.15274725274725276,0.425314465408805,0.10369230769230768,0.06997742663656885,0.0,0.019157088122605366,0.16853932584269662,0.05263157894736842,0.33444816053511706,0.21832884097035035,0.19830713422007257,0.18235294117647058,0.33898305084745767,0.41666666666666663,0.22471910112359553,0.14705882352941177,0.21186440677966104,0.14705882352941177,0.0,0.37037037037037035,0.0,0.0,0.0,2
1047,Antoine Griezmann\Antoine-Griezmann,fr FRA,FW,Barcelona,es La Liga,29.0,1991.0,0.5108108108108108,0.3,0.3592920353982301,0.3873517786561265,0.5041551246537396,0.35865724381625447,0.3873517786561265,0.5454545454545454,0.4,0.1992619926199262,0.3879310344827586,0.4444444444444445,0.5769230769230769,0.7142857142857143,0.7499999999999999,0.5095693779904307,0.45303867403314907,0.3489409141583055,0.392448132780083,0.2676970633693972,0.5535502958579882,0.5215425531914893,0.2786016949152542,0.4919282511210762,0.4385214007782101,0.3858520900321544,0.20327868852459016,0.17664670658682635,0.5603271983640081,0.3157894736842105,0.37254901960784315,0.6857142857142857,0.3972602739726027,0.26459143968871596,0.27233115468409586,0.08695652173913045,0.21527041357370094,0.48017621145374456,0.21649484536082475,0.37518248175182484,0.16129032258064516,0.21980198019801983,0.5513274336283186,0.26465517241379316,0.1565934065934066,0.5778301886792453,0.08415384615384615,0.2799097065462754,0.03604651162790698,0.1992337164750958,0.11235955056179776,0.06432748538011697,0.2809364548494983,0.18059299191374661,0.2672309552599758,0.415686274509804,0.08474576271186442,0.08333333333333334,0.11235955056179776,0.08823529411764705,0.2966101694915254,0.30392156862745096,0.0,0.0,0.0,0.125,0.0,2
1108,Kai Havertz\Kai-Havertz,de GER,FW,Chelsea,eng Premier League,21.0,1999.0,0.18648648648648644,0.16,0.3097345132743362,0.3280632411067194,0.48753462603878106,0.30918727915194344,0.3280632411067194,0.3333333333333333,0.27,0.11808118081180816,0.29310344827586204,0.3777777777777777,0.5769230769230769,0.5178571428571428,0.5178571428571428,0.4824561403508772,0.4350828729281767,0.33444816053511695,0.35244813278008297,0.21483771251931993,0.5505917159763314,0.510904255319149,0.28919491525423724,0.43363228699551576,0.39571984435797664,0.36012861736334406,0.1729508196721312,0.15209580838323356,0.5460122699386504,0.23684210526315788,0.1764705882352941,0.7714285714285716,0.2767123287671233,0.23865110246433202,0.24400871459694992,0.10434782608695653,0.22269353128313893,0.4654919236417034,0.061855670103092786,0.5817518248175183,0.08422939068100357,0.18811881188118812,0.5530973451327433,0.23534482758620695,0.09615384615384615,0.5055031446540881,0.13323076923076924,0.24379232505643345,0.05465116279069767,0.06896551724137931,0.1348314606741573,0.23976608187134502,0.3076923076923077,0.3746630727762803,0.23579201934703747,0.3411764705882353,0.15254237288135594,0.14285714285714285,0.20224719101123595,0.1764705882352941,0.3983050847457627,0.29411764705882354,0.0,0.0,0.2,0.5,0.0,2
1139,Son Heung-min\Son-Heung-min,kr KOR,FW,Tottenham,eng Premier League,28.0,1992.0,0.664864864864865,0.32666666666666666,0.29203539823008845,0.37549407114624506,0.6066481994459834,0.2915194346289752,0.37549407114624506,0.7272727272727272,0.46,0.2915129151291513,0.2327586206896552,0.26666666666666666,0.42307692307692313,1.107142857142857,1.107142857142857,0.284688995215311,0.2886740331491713,0.22965440356744704,0.23269709543568468,0.2383307573415765,0.3050295857988166,0.2901595744680851,0.24364406779661016,0.2582959641255605,0.25330739299610894,0.27867095391211155,0.1819672131147541,0.2982035928143713,0.20040899795501024,0.381578947368421,0.5098039215686274,0.6285714285714287,0.6109589041095891,0.09727626459143969,0.1830065359477124,0.052173913043478265,0.15482502651113467,0.2643171806167401,0.09278350515463918,0.26642335766423364,0.25985663082437277,0.3089108910891089,0.29823008849557525,0.30086206896551726,0.2642857142857143,0.06855345911949685,0.39876923076923076,0.3047404063205417,0.033720930232558136,0.06513409961685825,0.15730337078651688,0.152046783625731,0.2508361204013378,0.15363881401617252,0.3083434099153567,0.31960784313725493,0.19491525423728814,0.03571428571428571,0.1910112359550562,0.0,0.364406779661017,0.3137254901960784,0.14285714285714285,0.2222222222222222,0.0,0.0,0.0,2
1175,Zlatan Ibrahimović\Zlatan-Ibrahimovic,se SWE,FW,Milan,it Serie A,38.0,1981.0,0.17837837837837842,0.6,0.7539823008849557,0.7865612648221344,0.5124653739612188,0.7526501766784451,0.7865612648221344,0.48484848484848486,0.35,0.25092250922509224,0.8189655172413793,0.7777777777777777,0.5,0.6249999999999999,0.7499999999999999,0.2384370015948963,0.2734806629834254,0.16164994425863982,0.18124481327800832,0.2559505409582689,0.22514792899408284,0.2662234042553192,0.11864406779661019,0.2825112107623318,0.30622568093385216,0.2261521972132905,0.1122950819672131,0.13353293413173653,0.35991820040899797,0.15789473684210525,0.1764705882352941,0.6285714285714287,0.24657534246575344,0.23605706874189367,0.3028322440087146,0.10434782608695653,0.33510074231177095,0.2745961820851689,0.12371134020618557,0.516058394160584,0.1075268817204301,0.14257425742574256,0.25929203539823004,0.5172413793103449,0.19175824175824172,0.04433962264150944,0.35415384615384615,0.38600451467268626,0.020930232558139535,0.22988505747126436,0.2696629213483146,0.17543859649122806,0.2709030100334448,0.38274932614555257,0.3518742442563483,0.3137254901960784,0.2542372881355932,1.0,0.47191011235955055,0.1764705882352941,0.5593220338983051,0.23529411764705882,0.0,0.2222222222222222,1.0,0.25,0.0,2
1183,Kelechi Iheanacho\Kelechi-Iheanacho,ng NGA,FW,Leicester City,eng Premier League,23.0,1996.0,0.16756756756756755,0.49333333333333335,0.5769911504424778,0.5849802371541503,0.4903047091412742,0.5759717314487632,0.5849802371541503,0.6363636363636364,0.48,0.29520295202952035,0.3879310344827586,0.4444444444444445,0.34615384615384615,1.232142857142857,1.3214285714285714,0.25438596491228066,0.23618784530386736,0.2642140468227424,0.18149377593360994,0.12457496136012364,0.31686390532544384,0.2981382978723404,0.2531779661016948,0.21748878923766818,0.19338521400778214,0.3183279742765273,0.12049180327868853,0.15209580838323356,0.3292433537832311,0.15789473684210525,0.3529411764705882,0.37142857142857144,0.4219178082191781,0.14656290531776914,0.29629629629629634,0.26956521739130435,0.14846235418875928,0.2525697503671072,0.12371134020618557,0.37518248175182484,0.08781362007168458,0.14653465346534653,0.30707964601769916,0.23534482758620695,0.07582417582417583,0.4331761006289308,0.005999999999999998,0.14446952595936796,0.0,0.04597701149425287,0.21348314606741572,0.14619883040935672,0.4849498327759197,0.2425876010781671,0.22732769044740023,0.3352941176470589,0.3135593220338983,0.07142857142857142,0.0,0.1764705882352941,0.1610169491525424,0.11764705882352941,0.0,0.2222222222222222,0.0,0.0,0.0,2
1191,Ciro Immobile\Ciro-Immobile,it ITA,FW,Lazio,it Serie A,30.0,1990.0,0.5864864864864865,0.42,0.5805309734513274,0.525691699604743,0.4279778393351801,0.5795053003533569,0.525691699604743,0.42424242424242425,0.36,0.25461254612546125,0.5172413793103449,0.4555555555555556,0.34615384615384615,0.7678571428571428,0.8928571428571428,0.19377990430622005,0.19613259668508284,0.20735785953177258,0.13925311203319504,0.13137557959814528,0.21331360946745567,0.22367021276595744,0.17478813559322032,0.157847533632287,0.17081712062256812,0.20150053590568065,0.12868852459016392,0.1377245508982036,0.42126789366053174,0.25,0.4117647058823529,0.48571428571428577,0.4657534246575342,0.10505836575875485,0.21350762527233116,0.052173913043478265,0.1664899257688229,0.21732745961820854,0.2268041237113402,0.24452554744525545,0.1075268817204301,0.12475247524752475,0.23805309734513272,0.29051724137931034,0.09230769230769231,0.03254716981132076,0.33876923076923077,0.12641083521444696,0.02558139534883721,0.21839080459770113,0.06741573033707865,0.18713450292397663,0.4548494983277591,0.21832884097035035,0.35792019347037485,0.41960784313725485,0.2966101694915254,0.4880952380952381,0.31460674157303375,0.08823529411764705,0.4830508474576271,0.27450980392156865,0.0,0.1111111111111111,0.3,0.5416666666666667,0.2,2
1228,Gabriel Jesus\Gabriel-Jesus,br BRA,FW,Manchester City,eng Premier League,23.0,1997.0,0.3486486486486486,0.26,0.36106194690265486,0.25296442687747034,0.3033240997229917,0.36042402826855124,0.25296442687747034,0.5151515151515151,0.56,0.14022140221402216,0.3017241379310345,0.38888888888888884,0.5,0.7857142857142857,0.7857142857142857,0.30542264752791065,0.26381215469613256,0.3177257525083611,0.1991701244813278,0.09088098918083463,0.3730769230769231,0.34867021276595744,0.26483050847457623,0.2336322869955157,0.19961089494163428,0.34619506966773855,0.08852459016393442,0.08622754491017964,0.46728016359918206,0.2236842105263158,0.29411764705882354,0.6285714285714287,0.33424657534246577,0.10765239948119325,0.1328976034858388,0.034782608695652174,0.10180275715800638,0.2745961820851689,0.041237113402061855,0.310948905109489,0.06989247311827958,0.08712871287128714,0.3566371681415929,0.1724137931034483,0.06813186813186814,0.06886792452830189,0.3803076923076923,0.12866817155756208,0.02558139534883721,0.30268199233716475,0.0449438202247191,0.1695906432748538,0.2909698996655518,0.16981132075471694,0.27448609431680776,0.311764705882353,0.2627118644067797,0.36904761904761907,0.3932584269662921,0.11764705882352941,0.4067796610169492,0.3823529411764706,0.0,0.14814814814814814,0.13333333333333333,0.0,0.0,2
1250,Diogo Jota\Diogo-Jota,pt POR,FW,Liverpool,eng Premier League,23.0,1996.0,0.06486486486486487,0.48666666666666664,0.6,0.8063241106719369,0.6759002770083102,0.6007067137809188,0.8063241106719369,0.6060606060606061,0.35,0.16974169741697415,0.4310344827586207,0.5555555555555556,0.42307692307692313,1.107142857142857,1.107142857142857,0.2814992025518341,0.3121546961325966,0.18283166109253063,0.24224066390041496,0.2544049459041731,0.2931952662721894,0.3034574468085106,0.19173728813559315,0.30941704035874434,0.34124513618677044,0.2229367631296892,0.17213114754098363,0.20778443113772457,0.34969325153374237,0.0,0.2549019607843137,0.17142857142857143,0.26575342465753427,0.3229571984435798,0.24618736383442263,0.0,0.352067868504772,0.3494860499265786,0.08247422680412371,0.41240875912408764,0.08602150537634408,0.25544554455445545,0.3407079646017699,0.32500000000000007,0.21373626373626373,0.16430817610062892,0.34184615384615386,0.19187358916478556,0.0,0.12260536398467434,0.2696629213483146,0.3450292397660819,0.5618729096989966,0.4555256064690027,0.23216444981862153,0.21568627450980396,0.13559322033898305,0.4761904761904762,0.44943820224719105,0.47058823529411764,0.2033898305084746,0.0784313725490196,0.0,0.2962962962962963,0.0,0.33333333333333337,0.0,2
1264,Tino Kadewere\Tino-Kadewere,zw ZIM,FW,Lyon,fr Ligue 1,24.0,1996.0,0.3324324324324325,0.3,0.4194690265486726,0.40316205533596844,0.4473684210526315,0.4187279151943463,0.40316205533596844,0.5151515151515151,0.42,0.11070110701107011,0.37068965517241387,0.4777777777777778,0.5384615384615385,0.7499999999999999,0.7499999999999999,0.1905901116427432,0.19751381215469613,0.19509476031215153,0.14804979253112036,0.15270479134466766,0.21627218934911246,0.21037234042553188,0.21398305084745764,0.19417040358744395,0.22607003891050587,0.17684887459807083,0.10245901639344263,0.13233532934131736,0.320040899795501,0.17105263157894737,0.3137254901960784,0.48571428571428577,0.25753424657534246,0.059662775616083005,0.18518518518518517,0.19130434782608696,0.1102863202545069,0.2261380323054332,0.041237113402061855,0.27810218978102186,0.06451612903225806,0.3188118811881188,0.2451327433628319,0.19655172413793107,0.13296703296703297,0.04984276729559748,0.3233846153846154,0.15349887133182843,0.015116279069767443,0.0842911877394636,0.0,0.28070175438596495,0.31438127090301005,0.261455525606469,0.22974607013301088,0.26862745098039215,0.11016949152542374,0.36904761904761907,0.34831460674157305,0.2647058823529411,0.45762711864406785,0.3529411764705882,0.0,0.14814814814814814,0.0,0.375,0.26666666666666666,2
1270,Arnaud Kalimuendo\Arnaud-Kalimuendo,fr FRA,FW,Lens,fr Ligue 1,18.0,2002.0,0.0945945945945946,0.3466666666666667,0.36283185840707965,0.47430830039525695,0.628808864265928,0.36042402826855124,0.47430830039525695,0.6666666666666666,0.41,0.15129151291512913,0.353448275862069,0.4555555555555556,0.6153846153846154,0.8928571428571428,0.8928571428571428,0.13157894736842105,0.11602209944751378,0.2251950947603121,0.10008298755186724,0.08191653786707884,0.14467455621301778,0.13856382978723403,0.20021186440677957,0.1834080717488789,0.17782101167315176,0.2615219721329046,0.046721311475409845,0.037724550898203604,0.5419222903885481,0.2894736842105263,0.27450980392156865,0.7714285714285716,0.26301369863013696,0.05447470817120622,0.17647058823529413,0.2608695652173913,0.060445387062566275,0.12922173274596185,0.0,0.13284671532846717,0.03942652329749104,0.21980198019801983,0.1973451327433628,0.06982758620689655,0.04120879120879121,0.06588050314465409,0.2310769230769231,0.10835214446952597,0.03488372093023256,0.11494252873563218,0.07865168539325844,0.22222222222222224,0.26755852842809363,0.23180592991913743,0.24788391777509067,0.1764705882352941,0.3728813559322034,0.7023809523809523,0.4157303370786517,0.2058823529411765,0.6864406779661018,0.29411764705882354,0.0,0.5555555555555555,0.7333333333333334,0.625,0.0,2
1283,Harry Kane\Harry-Kane,eng ENG,FW,Tottenham,eng Premier League,27.0,1993.0,0.6540540540540541,0.4466666666666667,0.6371681415929203,0.5177865612648221,0.3795013850415513,0.6342756183745584,0.5177865612648221,0.42424242424242425,0.4,0.3173431734317343,0.49137931034482757,0.5333333333333333,0.38461538461538464,0.8928571428571428,0.8392857142857142,0.16666666666666666,0.18784530386740328,0.1560758082497212,0.18622406639004152,0.29520865533230295,0.12366863905325444,0.13324468085106383,0.15042372881355934,0.21390134529147983,0.22607003891050587,0.22829581993569137,0.21803278688524594,0.2688622754491018,0.3374233128834356,0.5394736842105263,0.43137254901960786,1.0857142857142859,0.3835616438356164,0.3527885862516213,0.26143790849673204,0.1739130434782609,0.3457051961823966,0.2011747430249633,0.36082474226804123,0.34233576642335767,0.2831541218637993,0.21386138613861388,0.1407079646017699,0.40431034482758627,0.289010989010989,0.048427672955974846,0.28184615384615386,0.39277652370203164,0.02674418604651163,0.0996168582375479,0.25842696629213485,0.18713450292397663,0.35117056856187284,0.2587601078167116,0.29866989117291415,0.30196078431372547,0.4491525423728814,0.30952380952380953,0.3932584269662921,0.1764705882352941,0.6186440677966102,0.43137254901960786,0.07142857142857142,0.6666666666666666,0.0,0.375,0.0,2
1376,Andrej Kramarić\Andrej-Kramaric,hr CRO,FW,Hoffenheim,de Bundesliga,29.0,1991.0,0.4432432432432432,0.5066666666666667,0.55929203539823,0.5770750988142292,0.4958448753462603,0.558303886925795,0.5731225296442688,0.48484848484848486,0.38,0.3025830258302583,0.5086206896551724,0.4888888888888888,0.42307692307692313,1.0178571428571428,0.9285714285714285,0.33094098883572565,0.33977900552486184,0.23188405797101452,0.30414937759336097,0.2624420401854714,0.2931952662721894,0.2768617021276596,0.24788135593220328,0.3887892376681615,0.39182879377431906,0.28617363344051444,0.23442622950819675,0.30479041916167665,0.3077709611451943,0.25,0.3529411764705882,0.5714285714285715,0.4054794520547945,0.20881971465629054,0.355119825708061,0.42608695652173917,0.23223753976670203,0.3348017621145375,0.2371134020618557,0.30000000000000004,0.2168458781362007,0.4495049504950495,0.3601769911504425,0.30948275862068964,0.27417582417582415,0.07767295597484278,0.4556923076923077,0.16252821670428894,0.11046511627906977,0.07279693486590039,0.42696629213483145,0.21052631578947367,0.42474916387959866,0.3099730458221024,0.31076178960096734,0.3450980392156863,0.3220338983050848,0.17857142857142858,0.30337078651685395,0.11764705882352941,0.4491525423728814,0.33333333333333337,0.1904761904761905,0.14814814814814814,0.0,0.16666666666666669,0.26666666666666666,2
1426,Armand Lauriente\Armand-Lauriente,fr FRA,FW,Lorient,fr Ligue 1,21.0,1998.0,0.21621621621621623,0.11333333333333334,0.5238938053097345,0.4387351778656126,0.38642659279778396,0.5212014134275619,0.4387351778656126,0.15151515151515152,0.14,0.5092250922509225,0.12931034482758622,0.16666666666666666,0.07692307692307694,0.7499999999999999,0.7499999999999999,0.2448165869218501,0.24861878453038672,0.2207357859531773,0.21460580912863073,0.29489953632148375,0.28431952662721893,0.25824468085106383,0.2669491525423729,0.20358744394618833,0.2190661478599222,0.21650589496248657,0.2016393442622951,0.2904191616766467,0.2566462167689162,0.368421052631579,0.5686274509803921,0.5142857142857143,0.5945205479452055,0.20103761348897536,0.2178649237472767,0.24347826086956526,0.15906680805938495,0.23935389133627022,0.061855670103092786,0.2678832116788321,0.22939068100358423,0.4613861386138614,0.2823008849557522,0.15948275862068967,0.24890109890109888,0.04465408805031446,0.3956923076923077,0.15349887133182843,0.01976744186046512,0.06513409961685825,0.0,0.48538011695906436,0.2474916387959866,0.21024258760107817,0.45707376058041116,0.3784313725490196,0.6610169491525424,0.33333333333333337,0.3707865168539326,0.1764705882352941,0.516949152542373,0.3823529411764706,0.14285714285714285,0.4074074074074074,0.2,0.0,0.0,2
1462,Robert Lewandowski\Robert-Lewandowski,pl POL,FW,Bayern Munich,de Bundesliga,31.0,1988.0,0.46756756756756757,1.0,0.7858407079646016,0.7865612648221344,0.4903047091412742,0.7844522968197879,0.7865612648221344,0.7575757575757576,0.59,0.1549815498154982,0.9741379310344828,0.9666666666666667,0.6153846153846154,1.375,1.3035714285714284,0.1778309409888357,0.16850828729281767,0.22742474916387959,0.13692946058091288,0.12241112828438948,0.1896449704142012,0.18909574468085105,0.1906779661016949,0.1838565022421525,0.1688715953307393,0.28724544480171493,0.11147540983606558,0.1095808383233533,0.4703476482617587,0.34210526315789475,0.2549019607843137,0.8857142857142858,0.30136986301369867,0.14007782101167315,0.20697167755991286,0.13043478260869565,0.1601272534464475,0.18649045521292218,0.15463917525773196,0.23357664233576644,0.0985663082437276,0.1603960396039604,0.20442477876106196,0.2474137931034483,0.1164835164835165,0.03915094339622642,0.2941538461538461,0.23927765237020318,0.0,0.12643678160919541,0.12359550561797752,0.13450292397660818,0.4347826086956521,0.22641509433962262,0.22732769044740023,0.2803921568627451,0.15254237288135594,0.3928571428571429,0.20224719101123595,0.11764705882352941,0.5593220338983051,0.43137254901960786,0.0,0.4074074074074074,0.13333333333333333,0.2916666666666667,0.0,2
1473,Jesse Lingard\Jesse-Lingard,eng ENG,FW,West Ham,eng Premier League,27.0,1992.0,0.15675675675675677,0.37999999999999995,0.39115044247787606,0.4782608695652174,0.5858725761772853,0.39045936395759717,0.4782608695652174,0.6060606060606061,0.4,0.43542435424354237,0.25000000000000006,0.2111111111111111,0.23076923076923075,1.214285714285714,1.2857142857142856,0.40909090909090906,0.3936464088397789,0.28093645484949825,0.3340248962655602,0.3962905718701701,0.4322485207100592,0.4098404255319149,0.26059322033898297,0.3887892376681615,0.36070038910505836,0.3397642015005359,0.22295081967213118,0.28562874251497006,0.3149284253578732,0.32894736842105265,0.1764705882352941,1.0,0.2958904109589041,0.45395590142671854,0.35947712418300654,0.2173913043478261,0.3944856839872747,0.3847283406754773,0.13402061855670103,0.33357664233576645,0.12544802867383512,0.2891089108910891,0.43805309734513276,0.278448275862069,0.26703296703296703,0.04905660377358491,0.5510769230769231,0.13318284424379231,0.07325581395348837,0.12260536398467434,0.2808988764044944,0.2631578947368421,0.668896321070234,0.18328840970350402,0.36638452237001207,0.4215686274509805,0.11016949152542374,0.380952380952381,0.42696629213483145,0.0,0.5932203389830508,0.37254901960784315,0.30952380952380953,0.0,0.43333333333333335,0.25,0.0,2
1514,Hirving Lozano\Hirving-Lozano,mx MEX,FW,Napoli,it Serie A,25.0,1995.0,0.31891891891891894,0.3333333333333333,0.4230088495575221,0.466403162055336,0.5277008310249306,0.42049469964664316,0.466403162055336,0.5757575757575757,0.41,0.2250922509225092,0.2844827586206896,0.36666666666666664,0.38461538461538464,1.0178571428571428,1.0178571428571428,0.196969696969697,0.21132596685082872,0.18171683389074697,0.14074688796680498,0.15517774343122104,0.23106508875739648,0.23430851063829783,0.19173728813559315,0.21300448430493274,0.2412451361867705,0.19292604501607724,0.0639344262295082,0.11437125748502995,0.196319018404908,0.1842105263157895,0.4117647058823529,0.34285714285714286,0.49041095890410963,0.08560311284046691,0.2788671023965142,0.47826086956521746,0.14846235418875928,0.2378854625550661,0.051546391752577324,0.2883211678832117,0.07347670250896057,0.6356435643564357,0.2504424778761062,0.2517241379310345,0.1401098901098901,0.013679245283018867,0.38184615384615384,0.11512415349887134,0.037209302325581395,0.08812260536398468,0.15730337078651688,0.31578947368421056,0.23076923076923078,0.3557951482479784,0.3651753325272068,0.40392156862745093,0.2711864406779661,0.16666666666666669,0.6179775280898877,0.823529411764706,0.3898305084745763,0.22549019607843138,0.0,0.18518518518518517,0.16666666666666669,0.375,0.33333333333333337,2
1529,Romelu Lukaku\Romelu-Lukaku,be BEL,FW,Inter,it Serie A,27.0,1993.0,0.5945945945945946,0.5,0.43539823008849554,0.4940711462450593,0.5470914127423823,0.43462897526501765,0.4940711462450593,0.6060606060606061,0.43,0.16974169741697415,0.5862068965517241,0.5999999999999999,0.6923076923076923,0.8392857142857142,0.7678571428571428,0.13636363636363638,0.13950276243093918,0.18283166109253063,0.07692946058091288,0.10479134466769709,0.1866863905325444,0.18643617021276596,0.19809322033898308,0.07847533632286995,0.09766536964980546,0.127545551982851,0.06639344262295081,0.07604790419161678,0.38139059304703476,0.4473684210526316,0.47058823529411764,0.8285714285714287,0.4273972602739726,0.11932555123216602,0.2657952069716776,0.11304347826086958,0.18769883351007424,0.14684287812041116,0.1958762886597938,0.4525547445255474,0.0949820788530466,0.14257425742574256,0.17610619469026548,0.24051724137931035,0.0912087912087912,0.20361635220125784,0.102,0.2234762979683973,0.0069767441860465115,0.26436781609195403,0.21348314606741572,0.14619883040935672,0.294314381270903,0.24797843665768193,0.3301088270858525,0.43921568627450985,0.3220338983050848,0.36904761904761907,0.14606741573033707,0.0,0.6355932203389831,0.6176470588235294,0.0,0.2222222222222222,0.2,0.0,0.0,2
1590,Sadio Mané\Sadio-Mane,sn SEN,FW,Liverpool,eng Premier League,28.0,1992.0,0.572972972972973,0.2333333333333333,0.47079646017699117,0.41897233201581036,0.41412742382271467,0.46996466431095407,0.41897233201581036,0.3636363636363636,0.31,0.13653136531365317,0.39655172413793105,0.5111111111111111,0.5384615384615385,0.5178571428571428,0.5178571428571428,0.27033492822966504,0.2803867403314917,0.21516164994425868,0.24207468879668048,0.23338485316846985,0.24881656804733732,0.260904255319149,0.18008474576271186,0.31704035874439457,0.3178988326848249,0.27974276527331193,0.20491803278688525,0.20898203592814374,0.4498977505112475,0.2894736842105263,0.3529411764705882,0.6571428571428573,0.5013698630136987,0.13229571984435798,0.4684095860566449,0.2782608695652174,0.31601272534464475,0.3127753303964758,0.16494845360824742,0.32554744525547447,0.14874551971326164,0.4,0.30707964601769916,0.36120689655172417,0.16703296703296705,0.13238993710691824,0.3295384615384615,0.17155756207674944,0.04069767441860465,0.2720306513409962,0.14606741573033707,0.18713450292397663,0.354515050167224,0.44743935309973043,0.37968561064087064,0.4529411764705882,0.2711864406779661,0.34523809523809523,0.5056179775280899,0.1764705882352941,0.3220338983050848,0.21568627450980393,0.0,0.0,0.33333333333333337,0.125,0.2,2
1628,Anthony Martial\Anthony-Martial,fr FRA,FW,Manchester Utd,eng Premier League,24.0,1995.0,0.17297297297297293,0.16,0.40707964601769914,0.4822134387351779,0.5692520775623268,0.4045936395759717,0.4822134387351779,0.2727272727272727,0.19,0.18450184501845018,0.31896551724137934,0.4111111111111111,0.4615384615384615,0.5,0.5,0.2527910685805423,0.22099447513812154,0.29765886287625415,0.16846473029045644,0.16352395672333847,0.3109467455621302,0.28750000000000003,0.2637711864406779,0.23273542600896863,0.20817120622568092,0.3204715969989282,0.0540983606557377,0.04431137724550898,0.5419222903885481,0.23684210526315788,0.23529411764705882,0.7142857142857143,0.2493150684931507,0.18417639429312582,0.1982570806100218,0.0,0.23647932131495228,0.24669603524229078,0.18556701030927836,0.2927007299270073,0.03225806451612903,0.14455445544554454,0.33185840707964603,0.07844827586206898,0.030769230769230774,0.05267295597484276,0.35569230769230764,0.14221218961625284,0.0069767441860465115,0.06896551724137931,0.1348314606741573,0.25146198830409355,0.3578595317725752,0.25606469002695414,0.21523579201934703,0.23529411764705882,0.15254237288135594,0.2857142857142857,0.4831460674157303,0.1764705882352941,0.4152542372881356,0.11764705882352941,0.0,0.0,0.4,1.0,0.0,2
1675,Kylian Mbappé\Kylian-Mbappe,fr FRA,FW,Paris S-G,fr Ligue 1,21.0,1998.0,0.4432432432432432,0.68,0.6,0.6798418972332017,0.5581717451523545,0.598939929328622,0.6798418972332017,0.6363636363636364,0.45,0.2177121771217712,0.7758620689655173,0.8111111111111111,0.6538461538461539,0.9285714285714285,0.8214285714285713,0.35167464114832536,0.34944751381215466,0.2508361204013377,0.2325311203319502,0.18856259659969088,0.4470414201183432,0.4550531914893617,0.2150423728813559,0.29865470852017934,0.27898832684824904,0.3193997856377278,0.07295081967213114,0.10479041916167665,0.278118609406953,0.35526315789473684,0.33333333333333337,0.8000000000000002,0.3643835616438356,0.15953307392996108,0.29629629629629634,0.2,0.20360551431601273,0.36417033773861973,0.15463917525773196,0.25547445255474455,0.1021505376344086,0.5108910891089109,0.46283185840707963,0.19913793103448274,0.0642857142857143,0.11053459119496856,0.44646153846153847,0.06772009029345374,0.07441860465116279,0.07279693486590039,0.0898876404494382,0.2280701754385965,0.4648829431438126,0.36118598382749323,0.3893591293833132,0.4117647058823529,0.6101694915254238,0.32142857142857145,0.42696629213483145,0.23529411764705882,0.8983050847457628,0.48039215686274506,0.0,1.0,0.26666666666666666,0.7916666666666667,0.26666666666666666,2
1721,Dries Mertens\Dries-Mertens,be BEL,FW,Napoli,it Serie A,33.0,1987.0,0.16756756756756755,0.37333333333333335,0.5451327433628318,0.4624505928853755,0.3975069252077562,0.5424028268551238,0.4624505928853755,0.48484848484848486,0.45,0.30996309963099633,0.2586206896551725,0.33333333333333337,0.2692307692307693,1.1785714285714286,1.1785714285714286,0.22248803827751193,0.23342541436464084,0.19620958751393536,0.2044813278008299,0.2874806800618238,0.20443786982248524,0.18909574468085105,0.2330508474576271,0.27533632286995513,0.27898832684824904,0.26795284030010724,0.16639344262295086,0.2520958083832336,0.23517382413087934,0.6447368421052632,0.45098039215686275,1.3142857142857145,0.6767123287671234,0.21011673151750973,0.2549019607843137,0.26956521739130435,0.3255567338282078,0.21585903083700442,0.061855670103092786,0.20875912408759129,0.1774193548387097,0.3920792079207921,0.23274336283185837,0.2672413793103448,0.2758241758241758,0.02830188679245283,0.40338461538461534,0.06094808126410836,0.0,0.23754789272030652,0.1348314606741573,0.14619883040935672,0.23745819397993312,0.3099730458221024,0.37726723095526,0.5411764705882353,0.1016949152542373,0.14285714285714285,0.06741573033707865,0.5588235294117647,0.5254237288135594,0.48039215686274506,0.0,0.0,0.0,0.25,0.4,2
1765,Henrikh Mkhitaryan\Henrikh-Mkhitaryan,am ARM,FW,Roma,it Serie A,31.0,1989.0,0.5540540540540541,0.2866666666666667,0.41415929203539825,0.40316205533596844,0.4570637119113573,0.4134275618374559,0.40316205533596844,0.45454545454545453,0.36,0.2656826568265683,0.31896551724137934,0.38888888888888884,0.42307692307692313,0.8214285714285713,0.8035714285714285,0.3500797448165869,0.36602209944751374,0.22408026755852845,0.3098755186721992,0.36043276661514684,0.3316568047337279,0.3460106382978724,0.19385593220338979,0.4112107623318386,0.4151750972762646,0.28938906752411586,0.2213114754098361,0.255688622754491,0.3721881390593047,0.4342105263157895,0.5882352941176471,0.6285714285714287,0.44931506849315067,0.2801556420233463,0.34204793028322444,0.1391304347826087,0.37963944856839876,0.3964757709251101,0.2371134020618557,0.31605839416058396,0.17025089605734767,0.2851485148514851,0.4008849557522124,0.45775862068965517,0.15934065934065936,0.10377358490566038,0.45415384615384613,0.26410835214446954,0.05348837209302326,0.13793103448275862,0.22471910112359553,0.3508771929824562,0.45150501672240795,0.40700808625336926,0.3313180169286578,0.43921568627450985,0.13559322033898305,0.27380952380952384,0.25842696629213485,0.38235294117647056,0.4152542372881356,0.4215686274509804,0.0,0.0,0.1,0.125,0.0,2
1796,Álvaro Morata\Alvaro-Morata,es ESP,FW,Juventus,it Serie A,27.0,1992.0,0.3351351351351351,0.32666666666666666,0.36991150442477877,0.383399209486166,0.4833795013850415,0.3692579505300354,0.383399209486166,0.5757575757575757,0.43,0.0848708487084871,0.39655172413793105,0.4777777777777778,0.6153846153846154,0.7678571428571428,0.7499999999999999,0.1858054226475279,0.18646408839779005,0.20847268673355623,0.16929460580912864,0.12612055641421946,0.15739644970414204,0.17579787234042554,0.14194915254237278,0.252914798206278,0.2381322957198444,0.2990353697749196,0.13852459016393442,0.1532934131736527,0.4008179959100205,0.5263157894736842,0.4117647058823529,1.0857142857142859,0.49041095890410963,0.15175097276264593,0.24400871459694992,0.1565217391304348,0.19088016967126192,0.19823788546255508,0.2268041237113402,0.27299270072992704,0.1039426523297491,0.24752475247524752,0.21150442477876105,0.3224137931034483,0.11758241758241757,0.040566037735849055,0.308,0.19187358916478556,0.010465116279069767,0.3256704980842912,0.30337078651685395,0.07017543859649122,0.34448160535117056,0.2129380053908356,0.2998790810157195,0.39019607843137255,0.15254237288135594,0.32142857142857145,0.30337078651685395,0.2647058823529411,0.5677966101694916,0.5294117647058824,0.0,0.0,0.3,0.16666666666666669,0.0,2
1802,Gerard Moreno\Gerard-Moreno,es ESP,FW,Villarreal,es La Liga,28.0,1992.0,0.5324324324324324,0.5133333333333333,0.4566371681415929,0.4426877470355731,0.4570637119113573,0.4558303886925795,0.4426877470355731,0.45454545454545453,0.37,0.24354243542435422,0.5258620689655172,0.39999999999999997,0.42307692307692313,1.0,0.857142857142857,0.2751196172248804,0.33149171270718225,0.14046822742474918,0.2907053941908714,0.3156105100463678,0.20443786982248524,0.23430851063829783,0.12923728813559324,0.3452914798206278,0.39571984435797664,0.2047159699892819,0.3106557377049181,0.3520958083832336,0.3844580777096114,0.3157894736842105,0.5098039215686274,0.48571428571428577,0.3972602739726027,0.31906614785992216,0.3376906318082789,0.2608695652173913,0.35100742311770944,0.3627019089574156,0.3814432989690722,0.5817518248175183,0.24731182795698922,0.2792079207920792,0.3141592920353982,0.4706896551724138,0.27637362637362634,0.40959119496855345,0.09738461538461539,0.309255079006772,0.01976744186046512,0.18007662835249041,0.44943820224719105,0.49707602339181295,0.5652173913043478,0.42857142857142855,0.22974607013301088,0.30980392156862746,0.2542372881355932,0.2857142857142857,0.07865168539325844,0.08823529411764705,0.516949152542373,0.39215686274509803,0.0,0.37037037037037035,0.23333333333333336,0.0,0.2,2
2044,Nicolas Pépé\Nicolas-Pepe,ci CIV,FW,Arsenal,eng Premier League,25.0,1995.0,0.21621621621621623,0.37333333333333335,0.415929203539823,0.41501976284584985,0.4709141274238227,0.41519434628975266,0.41501976284584985,0.5757575757575757,0.45,0.23247232472324725,0.3103448275862069,0.3444444444444445,0.38461538461538464,1.0714285714285714,1.0535714285714284,0.3118022328548644,0.3259668508287292,0.21850613154960982,0.22572614107883818,0.2,0.34940828402366864,0.35132978723404257,0.21822033898305077,0.3331838565022422,0.32178988326848246,0.3011789924973205,0.10163934426229508,0.16766467065868262,0.20961145194274028,0.07894736842105263,0.09803921568627451,0.5714285714285715,0.16712328767123288,0.09987029831387807,0.2047930283224401,0.052173913043478265,0.19406150583244963,0.34067547723935393,0.061855670103092786,0.41386861313868617,0.1093189964157706,0.38415841584158417,0.4008849557522124,0.2120689655172414,0.15714285714285717,0.48191823899371067,0.023076923076923075,0.24153498871331833,0.03255813953488373,0.1685823754789272,0.12359550561797752,0.32163742690058483,0.5083612040133779,0.45013477088948783,0.1487303506650544,0.1607843137254902,0.1864406779661017,0.2023809523809524,0.1910112359550562,0.0,0.42372881355932207,0.21568627450980393,0.0,0.4074074074074074,0.3666666666666667,0.25,0.0,2
2114,Matteo Politano\Matteo-Politano,it ITA,FW,Napoli,it Serie A,26.0,1993.0,0.30270270270270266,0.27999999999999997,0.46017699115044247,0.34782608695652173,0.34072022160664817,0.45936395759717313,0.34782608695652173,0.45454545454545453,0.45,0.3579335793357934,0.18965517241379312,0.24444444444444444,0.19230769230769232,1.0892857142857142,1.0892857142857142,0.35326953748006373,0.37292817679558005,0.21962095875139348,0.3133609958506224,0.36352395672333854,0.34940828402366864,0.3406914893617022,0.23516949152542374,0.384304932735426,0.3801556420233463,0.29581993569131837,0.2327868852459017,0.35269461077844316,0.2310838445807771,0.25,0.29411764705882354,0.6571428571428573,0.4794520547945206,0.16731517509727628,0.28758169934640526,0.20869565217391306,0.30328738069989397,0.3582966226138033,0.09278350515463918,0.34306569343065696,0.29569892473118276,0.41980198019801984,0.40973451327433624,0.21034482758620693,0.31648351648351647,0.503930817610063,0.0716923076923077,0.1399548532731377,0.10930232558139534,0.14559386973180077,0.05617977528089888,0.32163742690058483,0.4280936454849498,0.3692722371967655,0.4183796856106409,0.39019607843137255,0.5593220338983051,0.16666666666666669,0.3707865168539326,0.14705882352941177,0.516949152542373,0.3235294117647059,0.11904761904761905,0.8888888888888888,0.0,0.0,0.0,2
2125,Yussuf Poulsen\Yussuf-Poulsen,dk DEN,FW,RB Leipzig,de Bundesliga,26.0,1994.0,0.13513513513513514,0.22,0.4743362831858407,0.34387351778656133,0.32409972299168976,0.47173144876325096,0.34387351778656133,0.3333333333333333,0.36,0.15867158671586717,0.2586206896551725,0.33333333333333337,0.3076923076923077,0.7678571428571428,0.7678571428571428,0.2033492822966507,0.22651933701657453,0.16945373467112593,0.11825726141078838,0.1474497681607419,0.27248520710059176,0.3007978723404256,0.15572033898305088,0.12556053811659193,0.17003891050583655,0.10503751339764206,0.06639344262295081,0.07485029940119761,0.392638036809816,0.35526315789473684,0.37254901960784315,0.7714285714285716,0.2547945205479452,0.12451361867704279,0.1895424836601307,0.060869565217391314,0.17815482502651112,0.23641703377386195,0.0,0.4525547445255474,0.0,0.13267326732673268,0.19911504424778761,0.4620689655172414,0.22527472527472525,0.061635220125786164,0.3003076923076923,0.3521444695259594,0.031395348837209305,0.5095785440613028,0.30337078651685395,0.15789473684210528,0.3946488294314381,0.25336927223719674,0.19709794437726721,0.2529411764705883,0.05932203389830509,0.32142857142857145,0.30337078651685395,0.2058823529411765,0.3983050847457627,0.3235294117647059,0.0,0.25925925925925924,0.0,0.2916666666666667,0.0,2
2175,Marcus Rashford\Marcus-Rashford,eng ENG,FW,Manchester Utd,eng Premier League,22.0,1997.0,0.6054054054054053,0.22666666666666668,0.3752212389380531,0.41501976284584985,0.5249307479224377,0.372791519434629,0.41501976284584985,0.42424242424242425,0.31,0.3431734317343173,0.2241379310344828,0.2888888888888889,0.34615384615384615,0.857142857142857,0.857142857142857,0.3500797448165869,0.3356353591160221,0.2731326644370122,0.28813278008298754,0.2513137557959814,0.35828402366863904,0.33803191489361706,0.25211864406779655,0.37982062780269055,0.3568093385214008,0.3258306538049303,0.1836065573770492,0.2095808383233533,0.38139059304703476,0.368421052631579,0.21568627450980393,1.0285714285714287,0.34794520547945207,0.11413748378728923,0.3769063180827887,0.16521739130434784,0.2725344644750795,0.36563876651982385,0.09278350515463918,0.2671532846715329,0.16129032258064516,0.2633663366336634,0.42389380530973453,0.1853448275862069,0.13516483516483516,0.0360062893081761,0.48953846153846153,0.17155756207674944,0.06511627906976745,0.0842911877394636,0.10112359550561797,0.29239766081871343,0.4949832775919732,0.2857142857142857,0.29141475211608225,0.35294117647058826,0.4152542372881356,0.17857142857142858,0.31460674157303375,0.0,0.46610169491525427,0.45098039215686275,0.0,0.2222222222222222,0.0,0.125,0.0,2
2180,Ante Rebić\Ante-Rebic,hr CRO,FW,Milan,it Serie A,26.0,1993.0,0.26216216216216215,0.37333333333333335,0.3380530973451327,0.4387351778656126,0.6177285318559556,0.33745583038869253,0.4387351778656126,0.7575757575757576,0.48,0.18450184501845018,0.3103448275862069,0.3777777777777777,0.5384615384615385,1.0714285714285714,1.107142857142857,0.10925039872408292,0.14779005524861877,0.08361204013377926,0.07676348547717843,0.15270479134466766,0.11952662721893495,0.14654255319148937,0.09851694915254233,0.10269058295964126,0.14513618677042803,0.08896034297963563,0.0819672131147541,0.12035928143712576,0.2668711656441718,0.2631578947368421,0.5294117647058824,0.34285714285714286,0.473972602739726,0.0959792477302205,0.35294117647058826,0.4,0.2067868504772004,0.16299559471365638,0.2577319587628866,0.18905109489051095,0.11827956989247312,0.502970297029703,0.16017699115044248,0.22931034482758622,0.1835164835164835,0.10786163522012579,0.20338461538461539,0.22121896162528218,0.05348837209302326,0.15708812260536398,0.22471910112359553,0.49707602339181295,0.3779264214046822,0.36388140161725063,0.3349455864570738,0.4372549019607844,0.21186440677966104,0.2976190476190476,0.22471910112359553,0.29411764705882354,0.5593220338983051,0.40196078431372545,0.0,0.0,0.16666666666666669,0.625,0.33333333333333337,2
2198,Marco Reus\Marco-Reus,de GER,FW,Dortmund,de Bundesliga,31.0,1989.0,0.4135135135135135,0.21333333333333335,0.3203539823008849,0.3517786561264822,0.5083102493074791,0.3197879858657243,0.3517786561264822,0.45454545454545453,0.33,0.2583025830258303,0.31896551724137934,0.2888888888888889,0.42307692307692313,0.6249999999999999,0.8035714285714285,0.43620414673046254,0.4350828729281767,0.2642140468227424,0.370539419087137,0.41669242658423494,0.45000000000000007,0.4523936170212766,0.22669491525423718,0.42914798206278026,0.4035019455252919,0.34190782422293675,0.259016393442623,0.2862275449101796,0.4008179959100205,0.3157894736842105,0.6274509803921569,0.31428571428571433,0.5424657534246575,0.28534370946822313,0.37037037037037035,0.20869565217391306,0.3817603393425239,0.4375917767988253,0.24742268041237114,0.381021897810219,0.17025089605734767,0.4376237623762376,0.5017699115044248,0.2853448275862069,0.228021978021978,0.14544025157232704,0.4910769230769231,0.19638826185101582,0.05,0.16475095785440613,0.1797752808988764,0.19883040935672516,0.471571906354515,0.46630727762803237,0.3385731559854897,0.3411764705882353,0.2033898305084746,0.2857142857142857,0.44943820224719105,0.23529411764705882,0.3983050847457627,0.23529411764705882,0.1904761904761905,0.0,0.13333333333333333,0.33333333333333337,0.26666666666666666,2
2244,Rodrigo\Rodrigo,es ESP,FW,Leeds United,eng Premier League,29.0,1991.0,0.11621621621621624,0.32666666666666666,0.5380530973451327,0.44664031620553357,0.38365650969529086,0.5353356890459364,0.44664031620553357,0.45454545454545453,0.41,0.22140221402214022,0.353448275862069,0.4555555555555556,0.38461538461538464,0.857142857142857,0.857142857142857,0.3421052631578947,0.3632596685082873,0.21516164994425868,0.3239834024896266,0.32272024729520865,0.299112426035503,0.3007978723404256,0.20762711864406772,0.4112107623318386,0.4229571984435798,0.2690246516613076,0.2549180327868853,0.29341317365269465,0.37423312883435583,0.1842105263157895,0.33333333333333337,0.4571428571428572,0.536986301369863,0.3320363164721141,0.30501089324618735,0.24347826086956526,0.3817603393425239,0.39941262848751835,0.36082474226804123,0.4678832116788322,0.22580645161290322,0.2772277227722772,0.347787610619469,0.5275862068965518,0.2620879120879121,0.47877358490566035,0.053538461538461535,0.5598194130925508,0.03255813953488373,0.2145593869731801,0.0,0.1695906432748538,0.6020066889632106,0.32614555256064687,0.4401451027811366,0.5725490196078432,0.2966101694915254,0.5,0.15730337078651688,0.411764705882353,0.652542372881356,0.34313725490196073,0.0,0.5185185185185185,0.7,0.2916666666666667,0.0,2
2255,Rodrygo\Rodrygo,br BRA,FW,Real Madrid,es La Liga,19.0,2001.0,0.024324324324324333,0.06,0.36637168141592924,0.158102766798419,0.1592797783933518,0.36395759717314485,0.158102766798419,0.12121212121212122,0.2,0.24723247232472328,0.1724137931034483,0.22222222222222224,0.2692307692307693,0.5178571428571428,0.5178571428571428,0.35805422647527907,0.3411602209944751,0.27759197324414714,0.244896265560166,0.3094281298299845,0.45295857988165683,0.4231382978723404,0.2754237288135593,0.32825112107623317,0.30622568093385216,0.32475884244372993,0.07131147540983607,0.11976047904191617,0.21574642126789367,0.7236842105263158,0.5490196078431373,1.342857142857143,0.4273972602739726,0.20363164721141375,0.33986928104575165,0.1565217391304348,0.30858960763520676,0.3729809104258444,0.18556701030927836,0.26496350364963506,0.08243727598566308,0.27326732673267323,0.4079646017699115,0.2956896551724138,0.1401098901098901,0.053301886792452825,0.4726153846153846,0.1783295711060948,0.07441860465116279,0.21072796934865903,0.20224719101123595,0.23391812865497078,0.3377926421404682,0.5040431266846361,0.34220072551390573,0.43921568627450985,0.3898305084745763,0.10714285714285714,0.31460674157303375,0.2647058823529411,0.6949152542372882,0.6274509803921569,0.0,0.6666666666666666,0.0,0.0,0.0,2
2262,Cristiano Ronaldo\Cristiano-Ronaldo,pt POR,FW,Juventus,it Serie A,35.0,1985.0,0.5702702702702703,0.62,0.8654867256637166,0.7391304347826088,0.40581717451523547,0.862190812720848,0.7391304347826088,0.42424242424242425,0.38,0.31365313653136534,0.7068965517241379,0.7,0.38461538461538464,0.9107142857142857,0.9107142857142857,0.29744816586921846,0.29143646408839774,0.24972129319955405,0.2292116182572614,0.22905718701700153,0.32573964497041424,0.3247340425531915,0.21822033898305077,0.3210762331838565,0.3140077821011673,0.29581993569131837,0.11885245901639345,0.13892215568862276,0.3701431492842536,0.07894736842105263,0.1764705882352941,0.4571428571428572,0.26301369863013696,0.2243839169909209,0.224400871459695,0.16521739130434784,0.23435843054082714,0.3069016152716594,0.10309278350515465,0.27810218978102186,0.13261648745519714,0.3306930693069307,0.3566371681415929,0.2181034482758621,0.15164835164835164,0.07216981132075471,0.40492307692307694,0.16478555304740408,0.06395348837209303,0.16091954022988506,0.21348314606741572,0.1695906432748538,0.3779264214046822,0.2749326145552561,0.34220072551390573,0.2901960784313726,0.4915254237288135,0.6547619047619049,0.43820224719101125,0.38235294117647056,0.4322033898305085,0.22549019607843138,0.0,0.37037037037037035,0.5333333333333333,0.125,0.0,2
2309,Mohamed Salah\Mohamed-Salah,eg EGY,FW,Liverpool,eng Premier League,28.0,1992.0,0.6540540540540541,0.4266666666666667,0.5646017699115043,0.5098814229249012,0.4238227146814404,0.5636042402826855,0.5098814229249012,0.3939393939393939,0.35,0.24723247232472328,0.5,0.49999999999999994,0.42307692307692313,0.8214285714285713,0.7499999999999999,0.35964912280701755,0.3301104972375691,0.30211817168338906,0.27593360995850624,0.29891808346213294,0.4115384615384616,0.37526595744680846,0.2870762711864406,0.352914798206278,0.3334630350194553,0.32368703108252944,0.12459016393442623,0.14610778443113773,0.36809815950920244,0.19736842105263158,0.3529411764705882,0.4285714285714286,0.4328767123287672,0.20881971465629054,0.4705882352941177,0.30434782608695654,0.383881230116649,0.3597650513950073,0.2371134020618557,0.2992700729927007,0.07885304659498207,0.2712871287128713,0.42389380530973453,0.15775862068965518,0.12967032967032968,0.4583333333333333,0.08246153846153845,0.1218961625282167,0.01744186046511628,0.08812260536398468,0.1348314606741573,0.07017543859649122,0.3110367892976589,0.3126684636118598,0.313180169286578,0.3980392156862746,0.15254237288135594,0.41666666666666663,0.22471910112359553,0.3529411764705882,0.3474576271186441,0.28431372549019607,0.0,0.0,0.2,0.25,0.0,2
2314,Roland Sallai\Roland-Sallai,hu HUN,FW,Freiburg,de Bundesliga,23.0,1997.0,0.22972972972972974,0.2866666666666667,0.38407079646017706,0.40316205533596844,0.4958448753462603,0.38339222614840995,0.40316205533596844,0.45454545454545453,0.35,0.24354243542435422,0.29310344827586204,0.33333333333333337,0.38461538461538464,0.8749999999999999,0.857142857142857,0.16507177033492826,0.17679558011049723,0.17502787068004455,0.16390041493775934,0.29057187017001546,0.1455621301775148,0.15718085106382976,0.15360169491525422,0.22466367713004481,0.2303501945525292,0.24544480171489816,0.1598360655737705,0.19760479041916168,0.3374233128834356,0.21052631578947367,0.13725490196078433,0.8000000000000002,0.22191780821917811,0.25810635538262,0.2113289760348584,0.3739130434782609,0.28525980911983034,0.20264317180616742,0.1134020618556701,0.32335766423357665,0.11648745519713262,0.4495049504950495,0.16194690265486728,0.34655172413793106,0.21648351648351646,0.07374213836477989,0.26338461538461533,0.17381489841986458,0.02558139534883721,0.12260536398467434,0.30337078651685395,0.28070175438596495,0.18729096989966557,0.2911051212938005,0.1414752116082225,0.1764705882352941,0.0,0.13095238095238096,0.4831460674157303,0.0,0.4152542372881356,0.2647058823529412,0.0,0.0,0.16666666666666669,0.6666666666666667,0.0,2
2503,Raheem Sterling\Raheem-Sterling,eng ENG,FW,Manchester City,eng Premier League,25.0,1994.0,0.49189189189189186,0.2333333333333333,0.3646017699115044,0.3675889328063241,0.47229916897506913,0.36395759717314485,0.3675889328063241,0.45454545454545453,0.36,0.1955719557195572,0.3448275862068966,0.4111111111111111,0.5384615384615385,0.6249999999999999,0.6785714285714285,0.4043062200956938,0.361878453038674,0.32664437012263103,0.2612448132780083,0.21391035548686246,0.5328402366863906,0.4922872340425532,0.2902542372881355,0.3098654708520179,0.2595330739299611,0.38370846730975355,0.0639344262295082,0.07724550898203593,0.35787321063394684,0.32894736842105265,0.33333333333333337,0.7714285714285716,0.36986301369863017,0.15304798962386512,0.224400871459695,0.1565217391304348,0.19194061505832452,0.3950073421439061,0.1134020618556701,0.4072992700729927,0.06989247311827958,0.2396039603960396,0.5035398230088496,0.06379310344827588,0.06978021978021977,0.04937106918238993,0.5187692307692308,0.14221218961625284,0.03255813953488373,0.06896551724137931,0.0449438202247191,0.152046783625731,0.3377926421404682,0.3692722371967655,0.32889963724304716,0.3725490196078432,0.42372881355932207,0.33333333333333337,0.3932584269662921,0.0,0.4491525423728814,0.3137254901960784,0.0,0.4074074074074074,0.23333333333333336,0.16666666666666669,0.0,2
2561,Martin Terrier\Martin-Terrier,fr FRA,FW,Rennes,fr Ligue 1,23.0,1997.0,0.4621621621621622,0.22,0.24424778761061944,0.22529644268774707,0.40581717451523547,0.24381625441696111,0.22529644268774707,0.5151515151515151,0.47,0.2583025830258303,0.1724137931034483,0.19999999999999998,0.34615384615384615,0.9464285714285714,0.9285714285714285,0.2384370015948963,0.21685082872928174,0.27090301003344486,0.18705394190871372,0.1391035548686244,0.2665680473372781,0.2742021276595745,0.19597457627118642,0.2569506726457399,0.22996108949416344,0.3301178992497321,0.11311475409836065,0.08862275449101796,0.6114519427402862,0.34210526315789475,0.33333333333333337,0.8000000000000002,0.4136986301369863,0.14007782101167315,0.16122004357298475,0.1565217391304348,0.15482502651113467,0.23494860499265788,0.041237113402061855,0.39051094890510946,0.0985663082437276,0.20396039603960398,0.2628318584070797,0.19913793103448274,0.15439560439560437,0.03773584905660378,0.3356923076923077,0.30699774266365687,0.0,0.1417624521072797,0.0449438202247191,0.11695906432748539,0.2408026755852843,0.16981132075471694,0.25755743651753327,0.33333333333333337,0.1271186440677966,0.30952380952380953,0.24719101123595505,0.2058823529411765,0.2796610169491526,0.2549019607843137,0.0,0.14814814814814814,0.0,0.16666666666666669,0.0,2
2576,Marcus Thuram\Marcus-Thuram,fr FRA,FW,M'Gladbach,de Bundesliga,22.0,1997.0,0.24864864864864863,0.27999999999999997,0.48672566371681414,0.3873517786561265,0.3628808864265928,0.48586572438162545,0.3873517786561265,0.42424242424242425,0.4,0.14391143911439114,0.32758620689655177,0.4222222222222222,0.38461538461538464,0.7857142857142857,0.7857142857142857,0.20972886762360443,0.23342541436464084,0.16833890746934227,0.14356846473029045,0.17527047913446678,0.2754437869822486,0.3087765957446808,0.14724576271186432,0.18475336322869956,0.21517509727626463,0.1757770632368703,0.06803278688524589,0.09281437125748503,0.3006134969325153,0.21052631578947367,0.19607843137254902,0.6857142857142857,0.2,0.14007782101167315,0.11328976034858389,0.08695652173913045,0.16330858960763522,0.25844346549192365,0.16494845360824742,0.445985401459854,0.0931899641577061,0.26732673267326734,0.2504424778761062,0.2974137931034483,0.2010989010989011,0.08553459119496856,0.2895384615384615,0.49661399548532736,0.005813953488372094,0.18007662835249041,0.0,0.14619883040935672,0.2842809364548495,0.31805929919137466,0.20798065296251508,0.1647058823529412,0.3050847457627119,0.36904761904761907,0.5280898876404494,0.14705882352941177,0.4830508474576271,0.2549019607843137,0.0,0.18518518518518517,0.16666666666666669,0.875,0.0,2
2585,Karl Toko Ekambi\Karl-Toko-Ekambi,cm CMR,FW,Lyon,fr Ligue 1,27.0,1992.0,0.572972972972973,0.3,0.46548672566371685,0.45849802371541504,0.46537396121883645,0.46466431095406363,0.45849802371541504,0.45454545454545453,0.37,0.1549815498154982,0.4741379310344827,0.611111111111111,0.6538461538461539,0.5357142857142857,0.5357142857142857,0.25438596491228066,0.24861878453038672,0.2408026755852843,0.21020746887966807,0.23183925811437403,0.26065088757396454,0.24760638297872337,0.2330508474576271,0.3112107623318386,0.3178988326848249,0.26580921757770637,0.10737704918032787,0.13652694610778443,0.33026584867075665,0.25,0.39215686274509803,0.5428571428571429,0.3780821917808219,0.15304798962386512,0.2788671023965142,0.1391304347826087,0.28101802757158006,0.2775330396475771,0.13402061855670103,0.37007299270072996,0.07526881720430108,0.3227722772277228,0.3017699115044248,0.21465517241379312,0.14780219780219783,0.03160377358490565,0.39876923076923076,0.12866817155756208,0.04883720930232558,0.06130268199233717,0.06741573033707865,0.28070175438596495,0.2608695652173913,0.2641509433962264,0.29020556227327693,0.3215686274509804,0.4067796610169492,0.41666666666666663,0.11235955056179776,0.47058823529411764,0.38135593220338987,0.28431372549019607,0.0,0.2222222222222222,0.1,0.25,0.0,2
2600,Ferrán Torres\Ferran-Torres,es ESP,FW,Manchester City,eng Premier League,20.0,2000.0,0.12162162162162163,0.32,0.3823008849557522,0.35968379446640314,0.43213296398891965,0.38162544169611307,0.3557312252964427,0.5757575757575757,0.5,0.2177121771217712,0.29310344827586204,0.3777777777777777,0.4615384615384615,0.9642857142857143,0.9642857142857143,0.25598086124401914,0.23066298342541433,0.2820512820512821,0.21394190871369295,0.17125193199381758,0.24881656804733732,0.2316489361702128,0.24788135593220328,0.33139013452914795,0.2906614785992218,0.3633440514469453,0.09836065573770492,0.1694610778443114,0.1922290388548057,0.1842105263157895,0.2549019607843137,0.5714285714285715,0.33972602739726027,0.12062256809338522,0.224400871459695,0.12173913043478263,0.2067868504772004,0.24816446402349487,0.1443298969072165,0.18248175182481752,0.13620071684587814,0.3821782178217822,0.3035398230088495,0.13793103448275862,0.1252747252747253,0.01949685534591195,0.3972307692307692,0.14672686230248305,0.016279069767441864,0.08045977011494253,0.0,0.2865497076023392,0.22408026755852842,0.1347708894878706,0.23337363966142682,0.23725490196078433,0.3474576271186441,0.08333333333333334,0.3820224719101124,0.2058823529411765,0.3474576271186441,0.20588235294117646,0.0,0.25925925925925924,0.0,0.5833333333333334,0.0,2
2742,Timo Werner\Timo-Werner,de GER,FW,Chelsea,eng Premier League,24.0,1996.0,0.5108108108108108,0.13999999999999999,0.4336283185840708,0.39920948616600793,0.43074792243767307,0.43286219081272087,0.39920948616600793,0.24242424242424243,0.19,0.1734317343173432,0.32758620689655177,0.4222222222222222,0.4615384615384615,0.41071428571428564,0.41071428571428564,0.21291866028708134,0.20441988950276244,0.23522853957636566,0.1583402489626556,0.1508500772797527,0.22218934911242605,0.2263297872340426,0.18750000000000003,0.27668161434977584,0.24202334630350197,0.3494105037513398,0.05000000000000001,0.08083832335329343,0.2443762781186094,0.368421052631579,0.4117647058823529,0.7428571428571429,0.3232876712328767,0.11673151750972763,0.17429193899782136,0.1826086956521739,0.16436903499469777,0.22320117474302498,0.1443298969072165,0.1656934306569343,0.06810035842293907,0.3287128712871287,0.27876106194690264,0.1568965517241379,0.08406593406593407,0.06650943396226415,0.31876923076923075,0.25733634311512416,0.02441860465116279,0.011494252873563218,0.15730337078651688,0.18713450292397663,0.23745819397993312,0.33153638814016173,0.2551390568319226,0.2803921568627451,0.17796610169491525,0.36904761904761907,0.5056179775280899,0.08823529411764705,0.5593220338983051,0.34313725490196073,0.0,0.37037037037037035,0.1,0.5833333333333334,0.2,2
2797,Duván Zapata\Duvan-Zapata,co COL,FW,Atalanta,it Serie A,29.0,1991.0,0.4432432432432432,0.37999999999999995,0.6,0.5454545454545454,0.43074792243767307,0.598939929328622,0.5454545454545454,0.42424242424242425,0.37,0.14760147601476015,0.4741379310344827,0.5777777777777778,0.4615384615384615,0.732142857142857,0.732142857142857,0.2368421052631579,0.23480662983425413,0.22965440356744704,0.16315352697095437,0.08222565687789798,0.29023668639053257,0.2928191489361702,0.21080508474576262,0.23049327354260088,0.21867704280155648,0.2883172561629153,0.0540983606557377,0.08263473053892216,0.2668711656441718,0.4473684210526316,0.49019607843137253,0.8000000000000002,0.4575342465753425,0.08171206225680934,0.20697167755991286,0.2,0.09544008483563098,0.24229074889867844,0.08247422680412371,0.4576642335766423,0.1093189964157706,0.33663366336633666,0.3088495575221239,0.17931034482758623,0.09725274725274724,0.09261006289308177,0.32184615384615384,0.2054176072234763,0.022093023255813953,0.08812260536398468,0.0449438202247191,0.2748538011695907,0.32441471571906355,0.3692722371967655,0.3530834340991536,0.46470588235294125,0.19491525423728814,0.4523809523809524,0.30337078651685395,0.0,0.516949152542373,0.5196078431372549,0.0,0.0,0.0,0.33333333333333337,0.0,2
2822,Filip Đuričić\Filip-Djuricic,rs SRB,FW,Sassuolo,it Serie A,28.0,1992.0,0.3540540540540541,0.14666666666666667,0.3646017699115044,0.19762845849802374,0.22022160664819948,0.36395759717314485,0.19762845849802374,0.21212121212121213,0.31,0.2915129151291513,0.18965517241379312,0.2111111111111111,0.23076923076923075,0.7142857142857143,0.6964285714285714,0.36602870813397126,0.36602209944751374,0.25195094760312153,0.2829045643153527,0.28438948995363217,0.4026627218934911,0.39654255319148934,0.23728813559322023,0.3887892376681615,0.3762645914396887,0.31511254019292606,0.12950819672131147,0.13712574850299403,0.42740286298568503,0.2236842105263158,0.5098039215686274,0.28571428571428575,0.6273972602739726,0.2243839169909209,0.4335511982570806,0.034782608695652174,0.3531283138918346,0.40234948604992665,0.13402061855670103,0.48394160583941614,0.05376344086021505,0.1108910891089109,0.46283185840707963,0.24482758620689654,0.0978021978021978,0.07374213836477989,0.488,0.12866817155756208,0.03488372093023256,0.14942528735632185,0.1910112359550562,0.21637426900584797,0.46153846153846145,0.5067385444743935,0.45949214026602175,0.5784313725490197,0.22033898305084748,0.41666666666666663,0.5393258426966292,0.11764705882352941,0.5508474576271187,0.3823529411764706,0.0,0.14814814814814814,0.43333333333333335,0.375,0.0,2
